{"cameraMode":{"drawMode":0,"name":"Shaded","section":"Shading Mode"},"sceneLighting":false,"audioPlay":false,"sceneViewState":{"m_AlwaysRefresh":false,"showFog":true,"showSkybox":false,"showFlares":true,"showImageEffects":true,"showParticleSystems":true,"showVisualEffectGraphs":true,"m_FxEnabled":true},"in2DMode":false,"pivot":{"x":-0.02874767780303955,"y":2.9706363677978517,"z":0.3067796230316162},"rotation":{"x":-0.006021537352353334,"y":-0.978776752948761,"z":-0.02906900644302368,"w":0.20278441905975343},"size":1.7308813333511353,"orthographic":false}