{"cameraMode":{"drawMode":0,"name":"Shaded","section":"Shading Mode"},"sceneLighting":false,"audioPlay":false,"sceneViewState":{"m_AlwaysRefresh":false,"showFog":true,"showSkybox":false,"showFlares":true,"showImageEffects":true,"showParticleSystems":true,"showVisualEffectGraphs":true,"m_FxEnabled":true},"in2DMode":false,"pivot":{"x":34.696197509765628,"y":-0.2598137855529785,"z":127.34255981445313},"rotation":{"x":0.016528770327568055,"y":-0.969896674156189,"z":0.06879296153783798,"w":0.23302778601646424},"size":5.83962869644165,"orthographic":false}