{"cameraMode":{"drawMode":0,"name":"Shaded","section":"Shading Mode"},"sceneLighting":false,"audioPlay":false,"sceneViewState":{"m_AlwaysRefresh":false,"showFog":true,"showSkybox":false,"showFlares":true,"showImageEffects":true,"showParticleSystems":true,"showVisualEffectGraphs":true,"m_FxEnabled":true},"in2DMode":false,"pivot":{"x":0.003964526578783989,"y":0.014834664762020111,"z":0.09762577712535858},"rotation":{"x":0.4509589374065399,"y":0.491134375333786,"z":-0.3319338262081146,"w":0.6673020124435425},"size":0.5050052404403687,"orthographic":false}