{"cameraMode":{"drawMode":0,"name":"Shaded","section":"Shading Mode"},"sceneLighting":false,"audioPlay":false,"sceneViewState":{"m_AlwaysRefresh":false,"showFog":true,"showSkybox":false,"showFlares":true,"showImageEffects":true,"showParticleSystems":true,"showVisualEffectGraphs":true,"m_FxEnabled":true},"in2DMode":false,"pivot":{"x":22.499774932861329,"y":3.8036887645721437,"z":37.84519958496094},"rotation":{"x":-0.07844310253858566,"y":0.8730098009109497,"z":-0.14968691766262055,"w":-0.45749780535697939},"size":5.555891036987305,"orthographic":false}