{"cameraMode":{"drawMode":0,"name":"Shaded","section":"Shading Mode"},"sceneLighting":false,"audioPlay":false,"sceneViewState":{"m_AlwaysRefresh":false,"showFog":true,"showSkybox":false,"showFlares":true,"showImageEffects":true,"showParticleSystems":true,"showVisualEffectGraphs":true,"m_FxEnabled":true},"in2DMode":false,"pivot":{"x":82.77499389648438,"y":-2.3949999809265138,"z":59.415000915527347},"rotation":{"x":0.024292459711432458,"y":-0.03449049964547157,"z":0.0008350865100510418,"w":0.9991331100463867},"size":7.90143346786499,"orthographic":false}