{"cameraMode":{"drawMode":0,"name":"Shaded","section":"Shading Mode"},"sceneLighting":false,"audioPlay":false,"sceneViewState":{"m_AlwaysRefresh":false,"showFog":true,"showSkybox":false,"showFlares":true,"showImageEffects":true,"showParticleSystems":true,"showVisualEffectGraphs":true,"m_FxEnabled":true},"in2DMode":false,"pivot":{"x":-0.2889516353607178,"y":0.1924278736114502,"z":0.07249683141708374},"rotation":{"x":0.08210445940494538,"y":0.8615081310272217,"z":-0.14771302044391633,"w":0.47884511947631838},"size":0.35537177324295046,"orthographic":false}