{"cameraMode":{"drawMode":0,"name":"Shaded","section":"Shading Mode"},"sceneLighting":false,"audioPlay":false,"sceneViewState":{"m_AlwaysRefresh":false,"showFog":true,"showSkybox":false,"showFlares":true,"showImageEffects":true,"showParticleSystems":true,"showVisualEffectGraphs":true,"m_FxEnabled":true},"in2DMode":false,"pivot":{"x":17.587312698364259,"y":7.757375717163086,"z":160.67544555664063},"rotation":{"x":-0.0018300717929378152,"y":0.9921185374259949,"z":-0.12447307258844376,"w":-0.014584275893867016},"size":7.293895721435547,"orthographic":false}