{"cameraMode":{"drawMode":0,"name":"Shaded","section":"Shading Mode"},"sceneLighting":false,"audioPlay":false,"sceneViewState":{"m_AlwaysRefresh":false,"showFog":true,"showSkybox":false,"showFlares":true,"showImageEffects":true,"showParticleSystems":true,"showVisualEffectGraphs":true,"m_FxEnabled":true},"in2DMode":false,"pivot":{"x":2.896306276321411,"y":0.7030795812606812,"z":-2.421329975128174},"rotation":{"x":0.24311597645282746,"y":-0.29678454995155337,"z":0.07841557264328003,"w":0.9201546907424927},"size":2.9731855392456056,"orthographic":true}