{"cameraMode":{"drawMode":0,"name":"Shaded","section":"Shading Mode"},"sceneLighting":true,"audioPlay":false,"sceneViewState":{"m_AlwaysRefresh":false,"showFog":true,"showSkybox":false,"showFlares":true,"showImageEffects":true,"showParticleSystems":true,"showVisualEffectGraphs":true,"m_FxEnabled":true},"in2DMode":false,"pivot":{"x":18.02229118347168,"y":2.571979522705078,"z":145.7957763671875},"rotation":{"x":-0.07075070589780808,"y":0.003901092801243067,"z":-0.00027857685927301645,"w":-0.9974936842918396},"size":12.12435531616211,"orthographic":false}