{"cameraMode":{"drawMode":0,"name":"Shaded","section":"Shading Mode"},"sceneLighting":false,"audioPlay":false,"sceneViewState":{"m_AlwaysRefresh":false,"showFog":true,"showSkybox":false,"showFlares":true,"showImageEffects":true,"showParticleSystems":true,"showVisualEffectGraphs":true,"m_FxEnabled":true},"in2DMode":false,"pivot":{"x":23.849246978759767,"y":-2.4545512199401857,"z":153.42764282226563},"rotation":{"x":-0.006021537352353334,"y":-0.978776752948761,"z":-0.02906900644302368,"w":0.20278441905975343},"size":5.280971527099609,"orthographic":false}