{"cameraMode":{"drawMode":0,"name":"Shaded","section":"Shading Mode"},"sceneLighting":false,"audioPlay":false,"sceneViewState":{"m_AlwaysRefresh":false,"showFog":true,"showSkybox":false,"showFlares":true,"showImageEffects":true,"showParticleSystems":true,"showVisualEffectGraphs":true,"m_FxEnabled":true},"in2DMode":false,"pivot":{"x":22.170534133911134,"y":2.0620415210723879,"z":-16.897319793701173},"rotation":{"x":0.17478309571743012,"y":-0.43978258967399599,"z":0.08768557012081146,"w":0.8765838146209717},"size":1.2911694049835206,"orthographic":false}